q1,q14,q15,location,location_latitude,location_longitude,location_altitude,location_precision,final_age,age_category_child
2,0,1,0.33739412492385246 34.47100427654209 1337.0 10.0,0.337394125,34.47100428,1337,10,6,1
1,0,0, , , , , ,6,1
1,0,0, , , , , ,6,1
2,0,0, , , , , ,6,1
2,0,0,0.2050572 34.3612331 0.0 5000.0,0.2050572,34.3612331,0,5000,6,1
2,0,1,-4.1831084 39.5953873 0.0 3315.0,-4.1831084,39.5953873,0,3315,6,1
2,0,1,-4.252120511811937 39.57682319084887 26.0 15.0,-4.252120512,39.57682319,26,15,6,1
1,0,1,-4.310524166223709 39.45051470501502 120.0 5.0,-4.310524166,39.45051471,120,5,6,1
1,0,1,0.33921466086771584 34.47161083583769 1268.0 10.0,0.339214661,34.47161084,1268,10,7,1
1,0,1,0.3223092195931145 34.42899996744598 1284.0 15.0,0.32230922,34.42899997,1284,15,7,1
1,0,1,0.34191332380665806 34.53924031360481 1315.0 5.0,0.341913324,34.53924031,1315,5,7,1
1,0,1, , , , , ,7,1
1,0,1, , , , , ,7,1
1,0,1, , , , , ,7,1
1,0,0,0.1942053 34.4480873 0.0 4384.0,0.1942053,34.4480873,0,4384,7,1
2,0,1,-4.148075365087647 39.459056030913395 400.0 25.0,-4.148075365,39.45905603,400,25,7,1
1,1,1, , , , , ,7,1
2,0,1,-4.3796839354977415 39.29155108064048 128.0 30.0,-4.379683935,39.29155108,128,30,7,1
2,0,1,-4.239375019052049 39.57624499291416 0.0 10.0,-4.239375019,39.57624499,0,10,7,1
1,0,1,-4.1291217774011635 39.61558291017986 25.0 15.0,-4.129121777,39.61558291,25,15,7,1
2,0,1,-4.367432120163454 39.19381121987061 99.0 5.0,-4.36743212,39.19381122,99,5,7,1
2,0,0,-4.319835068976596 39.24503111786211 146.0 10.0,-4.319835069,39.24503112,146,10,7,1
1,0,1, , , , , ,7,1
2,0,1,0.3025532204463368 34.545044173412 1377.0 15.0,0.30255322,34.54504417,1377,15,7,1
1,0,1,0.30961619693646286 34.499672946824 1305.0 5.0,0.309616197,34.49967295,1305,5,8,1
1,0,0,0.3389719 34.5240968 0.0 4033.0,0.3389719,34.5240968,0,4033,8,1
2,0,1,-4.1746257 39.4602949 0.0 2935.0,-4.1746257,39.4602949,0,2935,8,1
1,1,1,-4.1588505 39.4515065 0.0 3589.0,-4.1588505,39.4515065,0,3589,8,1
1,0,1,-4.151342872732089 39.452729449326576 366.0 5.0,-4.151342873,39.45272945,366,5,8,1
1,0,1, , , , , ,8,1
1,0,1,-4.244375182535952 39.591224335470855 -12.0 10.0,-4.244375183,39.59122434,-12,10,8,1
1,0,0,-4.1295247080547846 39.61580820679632 16.0 10.0,-4.129524708,39.61580821,16,10,8,1
1,0,1, , , , , ,8,1
1,0,1,0.29208973438344166 34.583301779368846 1383.0 10.0,0.292089734,34.58330178,1383,10,8,1
2,0,0,0.2576764 34.5331079 0.0 4509.0,0.2576764,34.5331079,0,4509,8,1
1,0,0,0.32006557962569065 34.537860060426716 1335.0 10.0,0.32006558,34.53786006,1335,10,8,1
1,1,1, , , , , ,8,1
2,0,1, , , , , ,8,1
2,0,1, , , , , ,8,1
1,0,0,0.30983021458427457 34.49924399208726 1294.0 35.0,0.309830215,34.49924399,1294,35,9,1
1,0,1,0.3008593570404013 34.506885217745136 1264.0 10.0,0.300859357,34.50688522,1264,10,9,1
1,0,0,0.32051508580305527 34.49946534241176 1264.0 15.0,0.320515086,34.49946534,1264,15,9,1
1,0,0,0.33937387467121444 34.49573404776901 1320.0 10.0,0.339373875,34.49573405,1320,10,9,1
2,0,1,0.2466892716070481 34.40738861500938 1284.0 30.0,0.246689272,34.40738862,1284,30,9,1
1,0,0,0.24748598707078565 34.40663456421325 1215.0 50.0,0.247485987,34.40663456,1215,50,9,1
2,0,1, , , , , ,9,1
2,0,0, , , , , ,9,1
1,0,0, , , , , ,9,1
2,0,1,-4.1848719 39.4725633 0.0 3152.0,-4.1848719,39.4725633,0,3152,9,1
1,0,1, , , , , ,9,1
2,0,1,-4.397647019685269 39.30186373981422 9.0 5.0,-4.39764702,39.30186374,9,5,9,1
1,0,1,-4.251903185831199 39.577436861445776 8.0 10.0,-4.251903186,39.57743686,8,10,9,1
2,0,1,-4.145831252015331 39.61455899231549 36.0 25.0,-4.145831252,39.61455899,36,25,9,1
2,0,1,-4.369205583061504 39.19441908128778 83.0 5.0,-4.369205583,39.19441908,83,5,9,1
2,0,1,0.27495628337176187 34.52091223232882 1336.0 10.0,0.274956283,34.52091223,1336,10,9,1
2,0,0,0.2724792728470466 34.540375282692125 1300.0 5.0,0.272479273,34.54037528,1300,5,9,1
1,0,0,0.2830913439078407 34.526677593125406 1309.0 5.0,0.283091344,34.52667759,1309,5,9,1
2,0,0,0.3041816113702489 34.54442629768296 1372.0 5.0,0.304181611,34.5444263,1372,5,9,1
2,1,1,0.3504367114675765 34.56716235403363 1381.0 10.0,0.350436711,34.56716235,1381,10,9,1
1,0,0, , , , , ,9,1
1,0,0, , , , , ,9,1
2,0,88,0.34690592282152277 34.489575454940365 1307.0 10.0,0.346905923,34.48957545,1307,10,10,1
1,0,0,0.324769884333885 34.42445899784264 1241.0 10.0,0.324769884,34.424459,1241,10,10,1
2,0,1,0.3299062 34.5015293 0.0 3093.0,0.3299062,34.5015293,0,3093,10,1
1,0,1,0.30656117321555676 34.44873561361113 1268.0 10.0,0.306561173,34.44873561,1268,10,10,1
2,0,0, , , , , ,10,1
2,0,1, , , , , ,10,1
2,0,1, , , , , ,10,1
1,0,0,0.23844449223086375 34.44186546684071 1268.0 5.0,0.238444492,34.44186547,1268,5,10,1
2,1,1,-4.184871314430796 39.48662909967396 226.0 10.0,-4.184871314,39.4866291,226,10,10,1
2,0,1,-4.132412587755549 39.627952562763596 11.0 5.0,-4.132412588,39.62795256,11,5,10,1
2,0,0,-4.148701170221899 39.617778273146094 -3.0 5.0,-4.14870117,39.61777827,-3,5,10,1
2,0,0,-4.343325275691332 39.256137271274 182.0 10.0,-4.343325276,39.25613727,182,10,10,1
1,88,88,0.30262535400934426 34.54521009692017 1360.0 10.0,0.302625354,34.5452101,1360,10,10,1
1,0,1, , , , , ,10,1
1,0,0, , , , , ,10,1
1,0,1, , , , , ,10,1
1,0,1,0.3782632266899586 34.593794936591394 1334.0 5.0,0.378263227,34.59379494,1334,5,10,1
2,0,1,0.33282482126339596 34.490912843361755 1308.0 10.0,0.332824821,34.49091284,1308,10,11,1
2,0,1,0.3385392276384847 34.45714055072711 1277.0 5.0,0.338539228,34.45714055,1277,5,11,1
2,0,1,0.3385392276384847 34.45714055072711 1277.0 5.0,0.338539228,34.45714055,1277,5,11,1
2,0,0,-4.1742481 39.4530059 0.0 1746.0,-4.1742481,39.4530059,0,1746,11,1
2,0,0, , , , , ,11,1
1,0,1,-4.392618294670106 39.299285492523936 97.0 25.0,-4.392618295,39.29928549,97,25,11,1
1,1,88,-4.30377208906674 39.45549336285853 96.0 10.0,-4.303772089,39.45549336,96,10,11,1
1,1,1,-4.270309665454571 39.45897959165438 127.0 5.0,-4.270309665,39.45897959,127,5,11,1
1,1,1,-4.145893557416536 39.61287868604281 -9.0 5.0,-4.145893557,39.61287869,-9,5,11,1
1,0,1,-4.222885510659962 39.57100743337173 18.0 10.0,-4.222885511,39.57100743,18,10,11,1
1,0,1,0.34070913529744523 34.47656438643055 1274.0 5.0,0.340709135,34.47656439,1274,5,12,2
2,0,0,0.2881410122356935 34.456303533916845 1303.0 5.0,0.288141012,34.45630353,1303,5,12,2
2,0,1,0.2925128694298562 34.53108135977682 1316.0 10.0,0.292512869,34.53108136,1316,10,12,2
1,0,1,0.2053666 34.4865443 0.0 3734.0,0.2053666,34.4865443,0,3734,12,2
1,0,0,0.2743080911541517 34.45716005737904 1357.0 5.0,0.274308091,34.45716006,1357,5,12,2
2,0,0,0.2648243 34.4498484 0.0 3118.0,0.2648243,34.4498484,0,3118,12,2
2,0,0, , , , , ,12,2
1,0,1,0.21668231058624443 34.422127500299496 1327.0 5.0,0.216682311,34.4221275,1327,5,12,2
1,1,1,-4.1848719 39.4725633 0.0 3152.0,-4.1848719,39.4725633,0,3152,12,2
2,0,0,-4.1895678409143535 39.55188807821378 95.0 15.0,-4.189567841,39.55188808,95,15,12,2
2,0,1,0.3559298 34.6162408 0.0 3015.0,0.3559298,34.6162408,0,3015,12,2
2,1,1,-4.185512416975006 39.55956005473991 91.0 5.0,-4.185512417,39.55956005,91,5,12,2
1,0,1,-4.1939573 39.567526 0.0 4388.0,-4.1939573,39.567526,0,4388,12,2
2,0,1,-4.2532140748378815 39.57707309605722 -19.0 10.0,-4.253214075,39.5770731,-19,10,12,2
2,0,1,-4.223513137612631 39.56480283039901 42.0 5.0,-4.223513138,39.56480283,42,5,12,2
1,0,1,-4.231941829174765 39.58525460515646 -6.0 5.0,-4.231941829,39.58525461,-6,5,12,2
2,1,1, , , , , ,12,2
1,0,0,0.29599213322555257 34.62317300963006 1437.0 15.0,0.295992133,34.62317301,1437,15,12,2
1,1,0, , , , , ,12,2
2,0,1, , , , , ,12,2
1,1,1,0.3019123934067035 34.506919802049886 1295.0 5.0,0.301912393,34.5069198,1295,5,13,2
1,0,1, , , , , ,13,2
2,1,0,-4.196550700228496 39.47873933439992 231.0 30.0,-4.1965507,39.47873933,231,30,13,2
1,1,1,-4.158023172542032 39.57617910340149 117.0 15.0,-4.158023173,39.5761791,117,15,13,2
2,0,1,-4.123092216518487 39.553715417069455 25.0 5.0,-4.123092217,39.55371542,25,5,13,2
1,0,1,-4.239508409583123 39.593553531821634 8.0 15.0,-4.23950841,39.59355353,8,15,13,2
1,0,1,-4.310397741879334 39.450434963022445 52.0 35.0,-4.310397742,39.45043496,52,35,13,2
1,1,1,-4.303975988005479 39.45592510687268 60.0 5.0,-4.303975988,39.45592511,60,5,13,2
2,1,1, , , , , ,13,2
1,88,88,0.29268605478711096 34.53249904041997 1292.0 10.0,0.292686055,34.53249904,1292,10,13,2
1,0,0,0.3030751512556396 34.54430211457216 1362.0 5.0,0.303075151,34.54430211,1362,5,13,2
1,0,0, , , , , ,13,2
2,1,1, , , , , ,13,2
1,0,1, , , , , ,13,2
2,1,1,0.3416399400233481 34.53868566663761 1320.0 10.0,0.34163994,34.53868567,1320,10,14,2
2,0,0, , , , , ,14,2
2,0,1, , , , , ,14,2
1,1,1,0.2221869119711666 34.476589875736366 1335.0 10.0,0.222186912,34.47658988,1335,10,14,2
2,0,1,0.2123386 34.4305604 0.0 3840.0,0.2123386,34.4305604,0,3840,14,2
1,0,0,-4.151813248487766 39.45259935346853 362.0 5.0,-4.151813248,39.45259935,362,5,14,2
1,1,1,0.3497888746412588 34.602794122339475 1374.0 5.0,0.349788875,34.60279412,1374,5,14,2
1,0,0, , , , , ,14,2
1,0,1,-4.1793791698252845 39.59447912060622 -1.0 10.0,-4.17937917,39.59447912,-1,10,14,2
1,1,1,-4.1840345 39.4695093 0.0 3396.0,-4.1840345,39.4695093,0,3396,14,2
1,0,1,-4.182262414403751 39.489496430448 232.0 5.0,-4.182262414,39.48949643,232,5,14,2
1,0,1,-4.376868581451692 39.279990639340625 39.0 15.0,-4.376868581,39.27999064,39,15,14,2
1,0,1,-4.266099286266458 39.46019411158516 114.0 5.0,-4.266099286,39.46019411,114,5,14,2
1,1,1,-4.145384184735749 39.60873252079592 -13.0 50.0,-4.145384185,39.60873252,-13,50,14,2
1,0,1,-4.225742414953521 39.58224638289403 -1.0 5.0,-4.225742415,39.58224638,-1,5,14,2
2,0,0,0.278487090459017 34.53085431262446 1323.0 5.0,0.27848709,34.53085431,1323,5,14,2
2,0,0,0.318869 34.5549877 0.0 4289.0,0.318869,34.5549877,0,4289,14,2
2,1,1, , , , , ,14,2
1,0,0, , , , , ,14,2
1,0,1,0.3945771545622952 34.572385426454886 1276.0 10.0,0.394577155,34.57238543,1276,10,14,2
2,0,0, , , , , ,14,2
2,1,1,0.3317697791762768 34.51756443418602 1325.0 15.0,0.331769779,34.51756443,1325,15,15,2
2,0,0,0.3402102128107816 34.49612979568421 1280.0 10.0,0.340210213,34.4961298,1280,10,15,2
2,1,1, , , , , ,15,2
1,1,1, , , , , ,15,2
1,0,0, , , , , ,15,2
1,0,1, , , , , ,15,2
1,1,1,-4.37593548551146 39.280119056038274 71.0 20.0,-4.375935486,39.28011906,71,20,15,2
1,1,1,-4.150495640542674 39.53670846483418 100.0 10.0,-4.150495641,39.53670846,100,10,15,2
1,0,1,-4.162528086021067 39.57760371347218 92.0 10.0,-4.162528086,39.57760371,92,10,15,2
1,0,0,-4.185964904861783 39.55947486885229 97.0 5.0,-4.185964905,39.55947487,97,5,15,2
2,0,0,-4.122974107671215 39.555057546784525 30.0 5.0,-4.122974108,39.55505755,30,5,15,2
1,0,1,-4.238190094104688 39.578351588073296 -10.0 5.0,-4.238190094,39.57835159,-10,5,15,2
2,1,1,0.2764531942035518 34.52176244843852 1323.0 20.0,0.276453194,34.52176245,1323,20,15,2
1,0,0,0.28098552756487816 34.537961324624504 1313.0 90.0,0.280985528,34.53796132,1313,90,15,2
1,1,1,0.30975081039111685 34.564609087994135 1343.0 5.0,0.30975081,34.56460909,1343,5,15,2
1,0,0, , , , , ,15,2
2,1,1,0.3807007471309091 34.591134292016136 1417.0 35.0,0.380700747,34.59113429,1417,35,15,2
2,0,1,0.3229794 34.5676914 0.0 4044.0,0.3229794,34.5676914,0,4044,15,2
2,0,1,0.39281993672237686 34.57343258895398 1331.0 15.0,0.392819937,34.57343259,1331,15,15,2
2,1,1,0.3463103107631428 34.489286817631545 1285.0 10.0,0.346310311,34.48928682,1285,10,16,2
1,0,0,0.33282796638814743 34.491022915519004 1302.0 5.0,0.332827966,34.49102292,1302,5,16,2
2,0,0, , , , , ,16,2
2,0,0,0.3384781706518333 34.45719950349884 1276.0 5.0,0.338478171,34.4571995,1276,5,16,2
2,0,1, , , , , ,16,2
2,1,1, , , , , ,16,2
1,0,1, , , , , ,16,2
1,1,1, , , , , ,16,2
2,0,0, , , , , ,16,2
2,1,88,-4.372058462190714 39.27795919316986 76.0 5.0,-4.372058462,39.27795919,76,5,16,2
2,1,1,-4.153731889402158 39.53447402963249 56.0 35.0,-4.153731889,39.53447403,56,35,16,2
2,1,1,-4.310090586315622 39.45670111887231 94.0 5.0,-4.310090586,39.45670112,94,5,16,2
2,1,1, , , , , ,16,2
2,0,1,0.2206929 34.6078199 0.0 2592.0,0.2206929,34.6078199,0,2592,16,2
1,0,1,0.2340504 34.5236104 0.0 2424.0,0.2340504,34.5236104,0,2424,16,2
1,0,0,0.3802777617540873 34.5706039099003 1328.0 15.0,0.380277762,34.57060391,1328,15,16,2
1,1,1, , , , , ,16,2
2,0,0, , , , , ,17,2
1,0,0,0.3341019 34.5139676 0.0 5000.0,0.3341019,34.5139676,0,5000,17,2
2,0,1, , , , , ,17,2
2,0,1,0.2260612 34.4934949 0.0 4161.0,0.2260612,34.4934949,0,4161,17,2
1,88,0, , , , , ,17,2
2,1,1,-4.1915193367957615 39.47967189317874 225.0 15.0,-4.191519337,39.47967189,225,15,17,2
2,1,1,-4.17828153845231 39.50523231379723 141.0 5.0,-4.178281538,39.50523231,141,5,17,2
1,0,1,-4.396103286923718 39.299817116417366 16.0 5.0,-4.396103287,39.29981712,16,5,17,2
2,0,1,-4.237717039923612 39.57830185773877 -2.0 10.0,-4.23771704,39.57830186,-2,10,17,2
1,1,1,-4.13232824085658 39.62789860520718 26.0 25.0,-4.132328241,39.62789861,26,25,17,2
2,0,1,-4.331465848318568 39.25201145296775 262.0 5.0,-4.331465848,39.25201145,262,5,17,2
1,0,0,0.3147411 34.5061804 0.0 3762.0,0.3147411,34.5061804,0,3762,17,2
1,0,1, , , , , ,17,2
2,0,0,0.341270054202361 34.47570353259983 1284.0 5.0,0.341270054,34.47570353,1284,5,18,2
2,0,0,0.3449368553486538 34.54246689619757 1295.0 10.0,0.344936855,34.5424669,1295,10,18,2
1,0,0,0.3297251 34.4971637 0.0 2253.0,0.3297251,34.4971637,0,2253,18,2
1,1,1,0.3374508 34.5030773 0.0 2939.0,0.3374508,34.5030773,0,2939,18,2
2,0,0, , , , , ,18,2
1,1,0, , , , , ,18,2
1,1,1, , , , , ,18,2
1,1,1,-4.176626997722292 39.592035500845775 5.0 5.0,-4.176626998,39.5920355,5,5,18,2
1,1,1,-4.1762563359275315 39.59200881064344 21.0 5.0,-4.176256336,39.59200881,21,5,18,2
1,0,1,0.3582478212049805 34.61624404119947 1368.0 10.0,0.358247821,34.61624404,1368,10,18,2
1,0,0, , , , , ,18,2
1,1,1,-4.135756761830755 39.55523928842353 36.0 25.0,-4.135756762,39.55523929,36,25,18,2
1,1,1,-4.0981202469546645 39.53471963537107 25.0 250.0,-4.098120247,39.53471964,25,250,18,2
2,1,1,-4.1424455774431586 39.55895468339136 46.0 5.0,-4.142445577,39.55895468,46,5,18,2
1,0,0,-4.303749271532159 39.455382984878895 163.0 5.0,-4.303749272,39.45538298,163,5,18,2
1,0,1,-4.2656476321283465 39.46041600119796 125.0 10.0,-4.265647632,39.460416,125,10,18,2
1,0,0,-4.342376685834575 39.25690299605512 181.0 50.0,-4.342376686,39.256903,181,50,18,2
2,0,1,-4.340015055201962 39.25416698581398 182.0 5.0,-4.340015055,39.25416699,182,5,18,2
1,0,1,0.2184102 34.5933026 0.0 4015.0,0.2184102,34.5933026,0,4015,18,2
2,0,0,0.27431029943064805 34.54153441455554 1290.0 10.0,0.274310299,34.54153441,1290,10,18,2
2,0,1, , , , , ,18,2
1,0,1, , , , , ,18,2
1,0,0,0.3570691734729867 34.57712331730184 1320.0 10.0,0.357069173,34.57712332,1320,10,18,2
2,1,0,0.29392994286112334 34.61439307933233 1336.0 15.0,0.293929943,34.61439308,1336,15,18,2
1,0,1, , , , , ,18,2
2,0,1, , , , , ,18,2
1,1,1,0.34065480714881835 34.47660692267897 1283.0 25.0,0.340654807,34.47660692,1283,25,19,2
2,0,0, , , , , ,19,2
2,0,0, , , , , ,19,2
1,0,0,-4.379632212725068 39.2917892350182 85.0 10.0,-4.379632213,39.29178924,85,10,19,2
1,1,1,-4.18572623437127 39.55969320496118 105.0 25.0,-4.185726234,39.5596932,105,25,19,2
2,0,1,-4.225642283314615 39.58233592644521 -13.0 10.0,-4.225642283,39.58233593,-13,10,19,2
1,0,1, , , , , ,19,2
2,0,0,0.28063344850297395 34.53860183746136 1320.0 10.0,0.280633449,34.53860184,1320,10,19,2
2,0,0,0.3188591 34.5549624 0.0 4287.0,0.3188591,34.5549624,0,4287,19,2
2,0,0, , , , , ,19,2
1,1,1,0.3229562 34.5676962 0.0 4046.0,0.3229562,34.5676962,0,4046,19,2
1,0,1, , , , , ,19,2
2,0,1, , , , , ,19,2
2,0,0,0.33279382847409433 34.49067598490818 1299.0 5.0,0.332793828,34.49067598,1299,5,20,2
1,0,1,0.3195585188166432 34.50170318409105 1296.0 10.0,0.319558519,34.50170318,1296,10,20,2
1,0,0,0.33727942460133153 34.50526975983051 1308.0 5.0,0.337279425,34.50526976,1308,5,20,2
1,0,0,0.34938966215974065 34.492512916006184 1255.0 20.0,0.349389662,34.49251292,1255,20,20,2
2,1,1, , , , , ,20,2
2,0,0,0.2785868380026013 34.43178359079525 1273.0 10.0,0.278586838,34.43178359,1273,10,20,2
1,0,0, , , , , ,20,2
1,1,1,0.35917969673332384 34.618465349461005 1399.0 10.0,0.359179697,34.61846535,1399,10,20,2
2,0,1,-4.170735526449434 39.60292757204142 -2.0 30.0,-4.170735526,39.60292757,-2,30,20,2
1,1,1, , , , , ,20,2
2,0,1,0.35522546655230125 34.59781464484295 1338.0 10.0,0.355225467,34.59781464,1338,10,20,2
1,0,1,-4.129394177685401 39.61836213146436 20.0 5.0,-4.129394178,39.61836213,20,5,20,2
1,0,0,0.31784927674468005 34.57443595121761 1415.0 10.0,0.317849277,34.57443595,1415,10,20,2
2,1,1,0.2843128278525599 34.526944890603374 1316.0 10.0,0.284312828,34.52694489,1316,10,20,2
1,1,1, , , , , ,20,2
2,0,1,0.3812720010759729 34.56793627772138 1314.0 5.0,0.381272001,34.56793628,1314,5,20,2
2,0,0,0.3801117144430023 34.57052727165527 1309.0 5.0,0.380111714,34.57052727,1309,5,20,2
1,0,0, , , , , ,20,2
1,0,1, , , , , ,21,2
1,0,0, , , , , ,21,2
1,1,1,-4.1791329 39.4551515 0.0 2750.0,-4.1791329,39.4551515,0,2750,21,2
1,0,0,-4.1733404 39.4532671 0.0 1801.0,-4.1733404,39.4532671,0,1801,21,2
1,1,1,-4.1853292416566195 39.57525454085596 49.0 5.0,-4.185329242,39.57525454,49,5,21,2
2,1,1,-4.1875877512278095 39.57523230958863 78.0 15.0,-4.187587751,39.57523231,78,15,21,2
1,1,1,-4.1849816072314034 39.57258598272147 66.0 5.0,-4.184981607,39.57258598,66,5,21,2
2,0,0,-4.135557577775688 39.55534785579952 11.0 10.0,-4.135557578,39.55534786,11,10,21,2
1,1,1,-4.298188591804247 39.45016513716065 158.0 10.0,-4.298188592,39.45016514,158,10,21,2
1,0,1,-4.308066905057746 39.45244422360805 65.0 60.0,-4.308066905,39.45244422,65,60,21,2
2,1,1,-4.150252386432024 39.61957923529011 32.0 10.0,-4.150252386,39.61957924,32,10,21,2
2,1,0,-4.226338187369619 39.58376729127266 12.0 10.0,-4.226338187,39.58376729,12,10,21,2
1,0,0,-4.212393228350321 39.55753870307805 88.0 5.0,-4.212393228,39.5575387,88,5,21,2
1,1,1,-4.3170643401707105 39.24425268235308 138.0 70.0,-4.31706434,39.24425268,138,70,21,2
1,0,1,0.2893029480143429 34.55525254472063 1381.0 10.0,0.289302948,34.55525254,1381,10,21,2
1,0,0, , , , , ,21,2
1,0,0, , , , , ,21,2
1,0,1, , , , , ,21,2
2,1,1, , , , , ,22,2
2,0,0,0.2189789103240705 34.42316974238495 1288.0 10.0,0.21897891,34.42316974,1288,10,22,2
1,1,1,0.2123386 34.4305604 0.0 3840.0,0.2123386,34.4305604,0,3840,22,2
1,1,1, , , , , ,22,2
1,1,1,-4.1950698428103435 39.478400287478124 233.0 5.0,-4.195069843,39.47840029,233,5,22,2
2,1,0,-4.3900861595747385 39.29492831058253 79.0 15.0,-4.39008616,39.29492831,79,15,22,2
1,1,1,-4.392862761115999 39.299195741975126 59.0 15.0,-4.392862761,39.29919574,59,15,22,2
1,0,1,-4.394821103799517 39.300821599468264 34.0 5.0,-4.394821104,39.3008216,34,5,22,2
2,1,1,-4.1873609617002785 39.57528281496382 62.0 5.0,-4.187360962,39.57528281,62,5,22,2
1,1,1,-4.137383308905621 39.558436078094935 20.0 10.0,-4.137383309,39.55843608,20,10,22,2
1,1,1,-4.251018962040371 39.575688077534764 5.0 35.0,-4.251018962,39.57568808,5,35,22,2
2,1,1,-4.149719106346643 39.61811275025575 4.0 10.0,-4.149719106,39.61811275,4,10,22,2
1,0,1,-4.133205805386963 39.62712124337741 11.0 5.0,-4.133205805,39.62712124,11,5,22,2
2,1,1,-4.2726777 39.5699055 0.0 3906.0,-4.2726777,39.5699055,0,3906,22,2
2,0,1,-4.329602344386496 39.25169317137313 179.0 5.0,-4.329602344,39.25169317,179,5,22,2
1,0,0, , , , , ,22,2
1,1,1,0.3229794 34.5676914 0.0 4044.0,0.3229794,34.5676914,0,4044,22,2
2,1,1,0.33250909360226694 34.490570572097745 1315.0 25.0,0.332509094,34.49057057,1315,25,23,2
1,0,1,0.3389719 34.5240968 0.0 4033.0,0.3389719,34.5240968,0,4033,23,2
2,0,0, , , , , ,23,2
2,0,1, , , , , ,23,2
2,0,0, , , , , ,23,2
2,0,1,0.2862557 34.4473007 0.0 5000.0,0.2862557,34.4473007,0,5000,23,2
1,1,1,-4.1839609 39.4695193 0.0 3397.0,-4.1839609,39.4695193,0,3397,23,2
2,0,0,-4.0115127 39.5868112 0.0 3008.0,-4.0115127,39.5868112,0,3008,23,2
2,1,1, , , , , ,23,2
1,0,0,-4.1632222214319725 39.57987336811369 81.0 5.0,-4.163222221,39.57987337,81,5,23,2
2,0,0,-4.244561375814974 39.591137745482364 -23.0 5.0,-4.244561376,39.59113775,-23,5,23,2
1,1,1,-4.145597005317355 39.608042879372555 5.0 5.0,-4.145597005,39.60804288,5,5,23,2
1,88,88,-4.221722389517171 39.563836635356964 32.0 10.0,-4.22172239,39.56383664,32,10,23,2
2,0,0,-4.219268758728406 39.56513033058307 45.0 10.0,-4.219268759,39.56513033,45,10,23,2
1,0,1,-4.211489776169569 39.55670575186599 108.0 10.0,-4.211489776,39.55670575,108,10,23,2
2,1,1,-4.331927745929816 39.25219306266079 222.0 50.0,-4.331927746,39.25219306,222,50,23,2
1,0,0,-4.367478535595069 39.193856817423274 109.0 25.0,-4.367478536,39.19385682,109,25,23,2
1,1,1,0.29115020087687904 34.58206262396493 1306.0 15.0,0.291150201,34.58206262,1306,15,23,2
2,0,1, , , , , ,23,2
2,0,0, , , , , ,23,2
1,0,1, , , , , ,23,2
2,0,1, , , , , ,23,2
2,0,1,0.39268183676153906 34.574564529639126 1284.0 30.0,0.392681837,34.57456453,1284,30,23,2
2,1,1,0.3309166119410933 34.5437511932263 1359.0 10.0,0.330916612,34.54375119,1359,10,24,2
2,0,0,0.3146296 34.5061397 0.0 3803.0,0.3146296,34.5061397,0,3803,24,2
1,0,0, , , , , ,24,2
1,0,0, , , , , ,24,2
1,0,0,0.344587763663669 34.543081040264425 1354.0 30.0,0.344587764,34.54308104,1354,30,24,2
1,0,0, , , , , ,24,2
1,1,1, , , , , ,24,2
2,0,1,0.1984689 34.353222 0.0 4922.0,0.1984689,34.353222,0,4922,24,2
2,1,1,0.2053666 34.4865443 0.0 3734.0,0.2053666,34.4865443,0,3734,24,2
2,0,1,0.27244412305592985 34.453196103423686 1355.0 100.0,0.272444123,34.4531961,1355,100,24,2
2,0,1, , , , , ,24,2
1,1,0, , , , , ,24,2
2,0,1,-4.147879747709267 39.45137775323114 354.0 5.0,-4.147879748,39.45137775,354,5,24,2
1,0,0,-4.185125173695957 39.50407512338786 154.0 5.0,-4.185125174,39.50407512,154,5,24,2
1,0,1,-4.164198238205909 39.57916066993248 80.0 5.0,-4.164198238,39.57916067,80,5,24,2
2,0,0,-4.186210840062634 39.55908514331754 140.0 10.0,-4.18621084,39.55908514,140,10,24,2
2,0,1,-4.13632663619894 39.55485892742112 70.0 10.0,-4.136326636,39.55485893,70,10,24,2
2,0,1,-4.123861921564086 39.55694352132768 34.0 5.0,-4.123861922,39.55694352,34,5,24,2
2,0,0,-4.3216261144657855 39.24665327837878 170.0 5.0,-4.321626114,39.24665328,170,5,24,2
1,0,1,-4.339950223143531 39.25411822607626 184.0 5.0,-4.339950223,39.25411823,184,5,24,2
1,0,0,0.2206929 34.6078199 0.0 2592.0,0.2206929,34.6078199,0,2592,24,2
1,0,1,0.28798627742526967 34.55270060869734 1311.0 15.0,0.287986277,34.55270061,1311,15,24,2
1,0,0,0.2184102 34.5933026 0.0 4015.0,0.2184102,34.5933026,0,4015,24,2
2,0,1,0.345961 34.64918 0.0 3843.0,0.345961,34.64918,0,3843,24,2
2,0,0,0.38026214713650835 34.56906714994153 1314.0 35.0,0.380262147,34.56906715,1314,35,24,2
2,0,1,0.3741813387422244 34.57391374951725 1293.0 35.0,0.374181339,34.57391375,1293,35,24,2
2,0,1, , , , , ,24,2
1,0,1,0.33196346534729465 34.54251572756392 1371.0 10.0,0.331963465,34.54251573,1371,10,25,2
1,1,1,0.34031710855605074 34.54127633514136 1299.0 35.0,0.340317109,34.54127634,1299,35,25,2
2,0,0,0.30440922854837954 34.50624727191208 1289.0 5.0,0.304409229,34.50624727,1289,5,25,2
1,0,1,0.3146296 34.5061397 0.0 3803.0,0.3146296,34.5061397,0,3803,25,2
1,0,0,0.33106799396203473 34.51793331393902 1306.0 5.0,0.331067994,34.51793331,1306,5,25,2
2,0,0,0.2403745 34.4501441 0.0 4114.0,0.2403745,34.4501441,0,4114,25,2
2,0,0,0.2123386 34.4305604 0.0 3840.0,0.2123386,34.4305604,0,3840,25,2
2,0,1,-4.148260953931254 39.460577359371804 304.0 5.0,-4.148260954,39.46057736,304,5,25,2
2,1,1, , , , , ,25,2
1,1,1,-4.179560821185668 39.5947920600706 -10.0 5.0,-4.179560821,39.59479206,-10,5,25,2
2,0,1,0.3629707506808915 34.580578634446674 1324.0 10.0,0.362970751,34.58057863,1324,10,25,2
2,0,1, , , , , ,25,2
1,1,1, , , , , ,25,2
2,1,1,-4.392913395566503 39.299281724938666 63.0 5.0,-4.392913396,39.29928172,63,5,25,2
2,0,1,-4.379699721597299 39.2917542100043 65.0 5.0,-4.379699722,39.29175421,65,5,25,2
2,1,0,-4.184881414767997 39.572390441887556 71.0 5.0,-4.184881415,39.57239044,71,5,25,2
2,0,0,-4.110156158781344 39.54705659951251 -7.0 10.0,-4.110156159,39.5470566,-7,10,25,2
2,1,1,-4.280324186339251 39.46563776176749 186.0 50.0,-4.280324186,39.46563776,186,50,25,2
1,0,0,-4.1493792704975405 39.617630049962116 7.0 10.0,-4.14937927,39.61763005,7,10,25,2
2,1,0,0.2754015757146788 34.5206263287461 1326.0 10.0,0.275401576,34.52062633,1326,10,25,2
2,0,0,0.2922830586960985 34.53179227784038 1302.0 5.0,0.292283059,34.53179228,1302,5,25,2
1,0,0, , , , , ,25,2
1,0,1, , , , , ,25,2
2,0,0, , , , , ,25,2
1,1,1, , , , , ,25,2
2,0,0,0.33271128238721437 34.490983194972785 1296.0 5.0,0.332711282,34.49098319,1296,5,26,2
1,1,1,0.28978358343390576 34.452905080052204 1293.0 10.0,0.289783583,34.45290508,1293,10,26,2
1,0,1,-4.151899099528575 39.452612657812416 382.0 5.0,-4.1518991,39.45261266,382,5,26,2
2,1,1, , , , , ,26,2
2,0,0,-4.0999196 39.5498934 0.0 2549.0,-4.0999196,39.5498934,0,2549,26,2
2,1,1,0.3562196399641063 34.598109193651645 1349.0 10.0,0.35621964,34.59810919,1349,10,26,2
1,0,0,-4.379705359433246 39.291911467062356 110.0 5.0,-4.379705359,39.29191147,110,5,26,2
1,0,0,-4.161395139544952 39.57787072591647 97.0 10.0,-4.16139514,39.57787073,97,10,26,2
1,0,0,-4.1857601247484935 39.559656667432165 105.0 5.0,-4.185760125,39.55965667,105,5,26,2
2,0,1,-4.251717704520183 39.576840105500246 -5.0 10.0,-4.251717705,39.57684011,-5,10,26,2
2,1,0,-4.237741097304537 39.578151563729385 -4.0 10.0,-4.237741097,39.57815156,-4,10,26,2
2,0,0,-4.223153084658891 39.57126100749471 33.0 5.0,-4.223153085,39.57126101,33,5,26,2
1,0,0,0.31663918089851806 34.575524013672435 1350.0 20.0,0.316639181,34.57552401,1350,20,26,2
1,1,1, , , , , ,26,2
1,0,1,0.2939982810882563 34.58476666961612 1328.0 10.0,0.293998281,34.58476667,1328,10,26,2
1,1,1,0.3406158346302439 34.47647239442176 1305.0 10.0,0.340615835,34.47647239,1305,10,27,2
2,1,1,0.33163154586634214 34.51831196230782 1355.0 15.0,0.331631546,34.51831196,1355,15,27,2
2,1,1,0.3184355 34.5553211 0.0 4591.0,0.3184355,34.5553211,0,4591,27,2
2,0,0,0.3370941107372103 34.47120259282749 1295.0 10.0,0.337094111,34.47120259,1295,10,27,2
2,1,1,0.34330895461698885 34.54093198367894 1318.0 5.0,0.343308955,34.54093198,1318,5,27,2
2,1,1, , , , , ,27,2
2,0,0,0.21310840543132392 34.44905697333651 1337.0 10.0,0.213108405,34.44905697,1337,10,27,2
1,1,0,0.2123386 34.4305604 0.0 3840.0,0.2123386,34.4305604,0,3840,27,2
2,0,0,-4.176534060669636 39.46071781614156 367.0 25.0,-4.176534061,39.46071782,367,25,27,2
1,0,0, , , , , ,27,2
2,0,1,0.3562736109720036 34.59781273260411 1334.0 10.0,0.356273611,34.59781273,1334,10,27,2
1,1,1,-4.379967560078995 39.277278254761335 53.0 100.0,-4.37996756,39.27727825,53,100,27,2
1,1,1,-4.107804192374476 39.55526266779181 56.0 35.0,-4.107804192,39.55526267,56,35,27,2
2,0,0,-4.239920451306586 39.59398152484639 -204.0 20.0,-4.239920451,39.59398152,-204,20,27,2
1,1,1,-4.249857553125267 39.57587139217175 8.0 5.0,-4.249857553,39.57587139,8,5,27,2
2,0,1,-4.273649588170337 39.45631062018506 150.0 5.0,-4.273649588,39.45631062,150,5,27,2
1,1,1,-4.145962307653202 39.61362789891317 9.0 10.0,-4.145962308,39.6136279,9,10,27,2
1,0,0,-4.316366046846842 39.24335620777236 154.0 5.0,-4.316366047,39.24335621,154,5,27,2
1,1,1,-4.340910943423696 39.25421348032661 173.0 5.0,-4.340910943,39.25421348,173,5,27,2
2,0,0, , , , , ,27,2
2,0,1,0.330513 34.5669585 0.0 4891.0,0.330513,34.5669585,0,4891,27,2
2,0,1, , , , , ,27,2
1,0,0, , , , , ,28,2
1,0,0, , , , , ,28,2
1,1,1, , , , , ,28,2
2,0,0, , , , , ,28,2
1,88,88,0.28433652372417656 34.42677368622411 1254.0 10.0,0.284336524,34.42677369,1254,10,28,2
2,0,0,-4.148675845274298 39.46093758323984 312.0 5.0,-4.148675845,39.46093758,312,5,28,2
2,1,0,-4.153814935926048 39.53459483070859 74.0 10.0,-4.153814936,39.53459483,74,10,28,2
2,1,1,-4.100289050428306 39.52769390730409 14.0 5.0,-4.10028905,39.52769391,14,5,28,2
2,1,1,-4.25101740560896 39.57546963316581 -39.0 35.0,-4.251017406,39.57546963,-39,35,28,2
1,1,1,-4.319619923380855 39.24597996629512 154.0 5.0,-4.319619923,39.24597997,154,5,28,2
2,0,1,0.3044182448747901 34.54390084178059 1395.0 5.0,0.304418245,34.54390084,1395,5,28,2
1,1,1, , , , , ,28,2
1,0,0,0.3574873882297609 34.57850595103341 1402.0 30.0,0.357487388,34.57850595,1402,30,28,2
2,0,0, , , , , ,28,2
2,0,1, , , , , ,28,2
1,1,1,0.3311051 34.4912844 0.0 2257.0,0.3311051,34.4912844,0,2257,29,2
2,0,0, , , , , ,29,2
2,1,1,0.3377419456350441 34.505070769614036 1299.0 15.0,0.337741946,34.50507077,1299,15,29,2
2,0,0, , , , , ,29,2
2,1,1,0.2164288454649512 34.447499433719315 1352.0 35.0,0.216428845,34.44749943,1352,35,29,2
2,0,0,-4.1791329 39.4551515 0.0 2750.0,-4.1791329,39.4551515,0,2750,29,2
2,0,1, , , , , ,29,2
2,0,0,-4.179073096256708 39.593552259583596 3.0 10.0,-4.179073096,39.59355226,3,10,29,2
2,1,1,-4.176322863659311 39.592842583522206 47.0 5.0,-4.176322864,39.59284258,47,5,29,2
2,1,1,-4.3829735657693325 39.2863147887456 66.0 5.0,-4.382973566,39.28631479,66,5,29,2
2,0,1,-4.305433861108723 39.45655708126972 99.0 5.0,-4.305433861,39.45655708,99,5,29,2
2,1,1,-4.129064461037885 39.61599653922782 26.0 20.0,-4.129064461,39.61599654,26,20,29,2
1,0,0,-4.342178786206853 39.25530181174466 217.0 50.0,-4.342178786,39.25530181,217,50,29,2
1,0,0,0.3347162 34.6337568 0.0 3804.0,0.3347162,34.6337568,0,3804,29,2
2,88,1,0.3224280648588864 34.48872440199856 1250.0 15.0,0.322428065,34.4887244,1250,15,30,2
1,1,1,0.3469840542744074 34.489895287541586 1267.0 10.0,0.346984054,34.48989529,1267,10,30,2
2,1,1,0.3463079087262336 34.48926797812986 1286.0 10.0,0.346307909,34.48926798,1286,10,30,2
2,1,0,0.33269233866185155 34.490425292614766 1301.0 15.0,0.332692339,34.49042529,1301,15,30,2
2,0,0,0.34215831928525264 34.476735911451684 1285.0 10.0,0.342158319,34.47673591,1285,10,30,2
1,0,1,0.32982422058345506 34.54185895263921 1350.0 15.0,0.329824221,34.54185895,1350,15,30,2
2,0,0,0.3298809286321247 34.44355391950316 1267.0 10.0,0.329880929,34.44355392,1267,10,30,2
2,0,0,0.3600687 34.4073474 0.0 3237.0,0.3600687,34.4073474,0,3237,30,2
1,0,0,0.3389719 34.5240968 0.0 4033.0,0.3389719,34.5240968,0,4033,30,2
2,1,1,0.3341019 34.5139676 0.0 5000.0,0.3341019,34.5139676,0,5000,30,2
1,0,1,0.33972534647931385 34.49492831648841 1312.0 10.0,0.339725346,34.49492832,1312,10,30,2
2,0,0, , , , , ,30,2
1,88,88, , , , , ,30,2
1,1,1, , , , , ,30,2
1,0,0,0.2403745 34.4501441 0.0 4114.0,0.2403745,34.4501441,0,4114,30,2
2,0,0, , , , , ,30,2
1,0,1, , , , , ,30,2
1,0,0,0.2152819585210591 34.44771037502955 1293.0 35.0,0.215281959,34.44771038,1293,35,30,2
1,0,1,-4.177051339553128 39.460890703941914 382.0 35.0,-4.17705134,39.4608907,382,35,30,2
1,0,1,-4.25338683573972 39.57886918337597 12.0 5.0,-4.253386836,39.57886918,12,5,30,2
1,0,1,-4.1848719 39.4725633 0.0 3152.0,-4.1848719,39.4725633,0,3152,30,2
1,1,1,-4.182024513337523 39.605244327819605 14.0 10.0,-4.182024513,39.60524433,14,10,30,2
1,1,1,-4.186141042440659 39.4931373152262 262.0 15.0,-4.186141042,39.49313732,262,15,30,2
1,1,1,-4.397646952542912 39.30184019422717 62.0 10.0,-4.397646953,39.30184019,62,10,30,2
1,0,1,-4.242270137733772 39.592994995486485 -15.0 15.0,-4.242270138,39.592995,-15,15,30,2
1,0,0,-4.250678807946999 39.57611556202167 75.0 5.0,-4.250678808,39.57611556,75,5,30,2
2,0,0,-4.277023503344703 39.46995160176137 65.0 15.0,-4.277023503,39.4699516,65,15,30,2
1,1,1,-4.276511601107224 39.45421725425567 175.0 5.0,-4.276511601,39.45421725,175,5,30,2
1,1,1,-4.1485959360494915 39.61845424573851 2.0 5.0,-4.148595936,39.61845425,2,5,30,2
2,0,0,-4.328353166329476 39.251974947648634 162.0 5.0,-4.328353166,39.25197495,162,5,30,2
2,1,1,-4.365808434914305 39.19242909726004 738.0 50.0,-4.365808435,39.1924291,738,50,30,2
2,0,1, , , , , ,30,2
2,0,0, , , , , ,30,2
2,0,1,0.3229562 34.5676962 0.0 4046.0,0.3229562,34.5676962,0,4046,30,2
1,1,0,0.29765488642782667 34.62227383643576 1418.0 15.0,0.297654886,34.62227384,1418,15,30,2
1,0,1, , , , , ,30,2
1,0,0,0.3349038505102951 34.54344089265618 1327.0 10.0,0.334903851,34.54344089,1327,10,31,2
2,1,1, , , , , ,31,2
2,0,0, , , , , ,31,2
2,0,1, , , , , ,31,2
2,1,1,-4.1792133 39.4544185 0.0 2830.0,-4.1792133,39.4544185,0,2830,31,2
1,0,1,-4.2121771658851666 39.5575164403083 108.0 20.0,-4.212177166,39.55751644,108,20,31,2
2,0,0,-4.368727373459424 39.193515435635454 94.0 5.0,-4.368727373,39.19351544,94,5,31,2
2,1,1, , , , , ,31,2
1,0,0, , , , , ,31,2
1,0,0,0.32313715841590845 34.614964127846065 1367.0 10.0,0.323137158,34.61496413,1367,10,31,2
2,0,1,0.3239675728067223 34.618131886376965 1368.0 10.0,0.323967573,34.61813189,1368,10,31,2
1,1,1, , , , , ,31,2
2,0,1, , , , , ,31,2
1,0,0,0.3370762 34.5251728 0.0 4108.0,0.3370762,34.5251728,0,4108,32,2
2,0,1,0.27755801813800945 34.434930970566974 1257.0 15.0,0.277558018,34.43493097,1257,15,32,2
1,1,1,0.2514509 34.4394287 0.0 3471.0,0.2514509,34.4394287,0,3471,32,2
2,0,1,-4.1824012256477126 39.60751464046781 -9.0 15.0,-4.182401226,39.60751464,-9,15,32,2
1,1,1,-4.185085988636588 39.48688604020165 246.0 5.0,-4.185085989,39.48688604,246,5,32,2
1,0,0,-4.187645291781503 39.57519790882587 43.0 10.0,-4.187645292,39.57519791,43,10,32,2
1,0,0,-4.1084142934038095 39.55291299930725 76.0 10.0,-4.108414293,39.552913,76,10,32,2
2,0,0,-4.139716639850183 39.55610992318332 33.0 5.0,-4.13971664,39.55610992,33,5,32,2
2,1,1,-4.253014427088112 39.57794847445542 -32.0 10.0,-4.253014427,39.57794847,-32,10,32,2
1,0,0,-4.2531837091104165 39.579267026137906 9.0 35.0,-4.253183709,39.57926703,9,35,32,2
2,1,1,-4.280712428289964 39.46567357367673 120.0 150.0,-4.280712428,39.46567357,120,150,32,2
1,1,1,-4.331734897005057 39.25207526149708 251.0 10.0,-4.331734897,39.25207526,251,10,32,2
1,1,1,0.1942053 34.4480873 0.0 4384.0,0.1942053,34.4480873,0,4384,32,2
1,0,0,0.2874402 34.5025166 0.0 3415.0,0.2874402,34.5025166,0,3415,32,2
1,1,0, , , , , ,32,2
2,1,0,0.3347162 34.6337568 0.0 3804.0,0.3347162,34.6337568,0,3804,32,2
2,1,1,0.3229562 34.5676962 0.0 4046.0,0.3229562,34.5676962,0,4046,32,2
1,1,1, , , , , ,32,2
1,0,1, , , , , ,32,2
1,0,1, , , , , ,32,2
1,0,1, , , , , ,32,2
1,0,0, , , , , ,33,2
1,1,1,0.335872986226159 34.50501908632587 1313.0 5.0,0.335872986,34.50501909,1313,5,33,2
1,0,1,0.2647622 34.4498463 0.0 3118.0,0.2647622,34.4498463,0,3118,33,2
2,0,1, , , , , ,33,2
2,1,1, , , , , ,33,2
1,0,0,-4.390076195543259 39.29493577794964 58.0 10.0,-4.390076196,39.29493578,58,10,33,2
2,88,88,-4.184713964477755 39.57255446684577 65.0 5.0,-4.184713964,39.57255447,65,5,33,2
1,0,1,0.2757815 34.5770152 0.0 2424.0,0.2757815,34.5770152,0,2424,33,2
2,1,1, , , , , ,33,2
2,1,0,0.2839054420192304 34.606432674826024 1343.0 10.0,0.283905442,34.60643267,1343,10,33,2
1,0,1,0.2514766 34.4394528 0.0 3469.0,0.2514766,34.4394528,0,3469,34,2
1,0,1,0.2220718 34.4022103 0.0 4780.0,0.2220718,34.4022103,0,4780,34,2
2,0,0,-4.1742481 39.4530059 0.0 1746.0,-4.1742481,39.4530059,0,1746,34,2
1,1,1,-4.146877814865785 39.457463869639305 292.0 5.0,-4.146877815,39.45746387,292,5,34,2
1,1,1, , , , , ,34,2
2,0,0,-4.276447199662664 39.45271905183281 133.0 10.0,-4.2764472,39.45271905,133,10,34,2
1,0,1,-4.2219168173016985 39.56531119614877 24.0 20.0,-4.221916817,39.5653112,24,20,34,2
1,0,1,0.2850746194788408 34.527617887513266 1309.0 10.0,0.285074619,34.52761789,1309,10,34,2
2,0,0,0.345961 34.64918 0.0 3843.0,0.345961,34.64918,0,3843,34,2
2,1,1,0.2905938911681578 34.60323057508918 1358.0 10.0,0.290593891,34.60323058,1358,10,34,2
1,1,1, , , , , ,34,2
1,0,0, , , , , ,34,2
1,0,1,0.3216439241048968 34.4267080228027 1253.0 35.0,0.321643924,34.42670802,1253,35,35,2
2,1,1,-4.178891154516383 39.5934825104336 -15.0 15.0,-4.178891155,39.59348251,-15,15,35,2
2,0,0,-4.180301014332001 39.5955682444857 -4.0 5.0,-4.180301014,39.59556824,-4,5,35,2
2,0,1,0.36319396435579265 34.57988818473746 1335.0 15.0,0.363193964,34.57988818,1335,15,35,2
2,0,1, , , , , ,35,2
2,0,0,-4.133142627244151 39.626918037112084 3.0 10.0,-4.133142627,39.62691804,3,10,35,2
2,1,1,-4.129486578455295 39.615840370256535 12.0 5.0,-4.129486578,39.61584037,12,5,35,2
2,0,1,-4.232524860576666 39.5875938211998 46.0 70.0,-4.232524861,39.58759382,46,70,35,2
1,0,1,-4.2215619792539165 39.56455435577578 65.0 70.0,-4.221561979,39.56455436,65,70,35,2
2,1,1, , , , , ,35,2
2,1,1,0.31966980836775394 34.48573465368605 1297.0 15.0,0.319669808,34.48573465,1297,15,36,2
2,1,0, , , , , ,36,2
1,0,0,0.2957723 34.508403 0.0 4311.0,0.2957723,34.508403,0,4311,36,2
2,0,0,0.32054626231153055 34.498845983881225 1277.0 10.0,0.320546262,34.49884598,1277,10,36,2
2,0,1,0.33013461661449206 34.44354452226508 1262.0 10.0,0.330134617,34.44354452,1262,10,36,2
1,1,1,0.3457170253048757 34.543129450453925 1295.0 10.0,0.345717025,34.54312945,1295,10,36,2
1,0,1, , , , , ,36,2
1,0,0, , , , , ,36,2
2,1,1, , , , , ,36,2
2,1,1, , , , , ,36,2
1,0,1,0.2647622 34.4498463 0.0 3118.0,0.2647622,34.4498463,0,3118,36,2
1,0,0,0.21599273300037095 34.4645188103034 1349.0 5.0,0.215992733,34.46451881,1349,5,36,2
1,1,0,0.22396529296510312 34.478439551471666 1340.0 10.0,0.223965293,34.47843955,1340,10,36,2
1,0,1, , , , , ,36,2
1,0,1, , , , , ,36,2
2,1,1,0.2123386 34.4305604 0.0 3840.0,0.2123386,34.4305604,0,3840,36,2
2,1,1,0.2123386 34.4305604 0.0 3840.0,0.2123386,34.4305604,0,3840,36,2
2,1,1,-4.148151117799903 39.45943003574516 325.0 35.0,-4.148151118,39.45943004,325,35,36,2
1,0,1, , , , , ,36,2
2,0,0, , , , , ,36,2
1,0,0,-4.385758920119075 39.27568555285414 63.0 5.0,-4.38575892,39.27568555,63,5,36,2
2,0,1,-4.3796212409622175 39.29169464829615 91.0 5.0,-4.379621241,39.29169465,91,5,36,2
2,0,1,-4.143761356764351 39.56033709501181 37.0 5.0,-4.143761357,39.5603371,37,5,36,2
1,1,1,-4.308797044537662 39.45475808035049 96.0 5.0,-4.308797045,39.45475808,96,5,36,2
2,0,0,-4.231838462796921 39.587143248728424 5.0 5.0,-4.231838463,39.58714325,5,5,36,2
1,0,0, , , , , ,36,2
1,0,1,0.2340504 34.5236104 0.0 2424.0,0.2340504,34.5236104,0,2424,36,2
2,0,0,0.2340504 34.5236104 0.0 2424.0,0.2340504,34.5236104,0,2424,36,2
2,1,1, , , , , ,36,2
2,0,1,0.3273137487212308 34.62465701969893 1385.0 30.0,0.327313749,34.62465702,1385,30,36,2
2,1,1, , , , , ,36,2
1,1,1, , , , , ,36,2
1,0,0,0.34709596891453726 34.48964913596562 1292.0 10.0,0.347095969,34.48964914,1292,10,37,2
2,0,1,0.3212680730407845 34.486973924762445 1285.0 5.0,0.321268073,34.48697392,1285,5,37,2
1,0,0,0.330693995863479 34.52163446429351 1371.0 100.0,0.330693996,34.52163446,1371,100,37,2
1,0,0, , , , , ,37,2
1,0,0,0.33848539079030593 34.456314071732336 1249.0 10.0,0.338485391,34.45631407,1249,10,37,2
2,0,1,0.3591220660516621 34.61774519724143 1370.0 15.0,0.359122066,34.6177452,1370,15,37,2
2,1,1, , , , , ,37,2
2,1,1,-4.184538938803736 39.50347700956714 186.0 10.0,-4.184538939,39.50347701,186,10,37,2
1,1,1,-4.39330363524731 39.298031665122 49.0 10.0,-4.393303635,39.29803167,49,10,37,2
2,1,1,-4.153790844925948 39.53450261672073 64.0 5.0,-4.153790845,39.53450262,64,5,37,2
1,1,1,-4.131504162676614 39.628138413394645 15.0 15.0,-4.131504163,39.62813841,15,15,37,2
2,0,0,-4.232769331446039 39.586537113668136 6.0 10.0,-4.232769331,39.58653711,6,10,37,2
2,0,0,0.2340504 34.5236104 0.0 2424.0,0.2340504,34.5236104,0,2424,37,2
1,0,1,0.2839876063190065 34.54005812161374 1333.0 5.0,0.283987606,34.54005812,1333,5,37,2
1,1,1, , , , , ,37,2
2,1,1,0.28725783883357137 34.60578346495421 1332.0 5.0,0.287257839,34.60578346,1332,5,37,2
2,0,0, , , , , ,37,2
2,0,1, , , , , ,37,2
1,0,1,0.4256711 34.5300632 0.0 4027.0,0.4256711,34.5300632,0,4027,37,2
2,0,0,0.3384571819331692 34.49674087517735 1282.0 35.0,0.338457182,34.49674088,1282,35,38,2
2,0,1, , , , , ,38,2
1,0,1,0.22189118994390236 34.47819874288206 1342.0 10.0,0.22189119,34.47819874,1342,10,38,2
2,1,1,-4.1791329 39.4551515 0.0 2750.0,-4.1791329,39.4551515,0,2750,38,2
1,0,0,-4.381458151122544 39.288076852886576 55.0 5.0,-4.381458151,39.28807685,55,5,38,2
2,0,1,-4.123829045191607 39.555869922643 15.0 5.0,-4.123829045,39.55586992,15,5,38,2
2,0,0,-4.122912118020111 39.553838392620754 28.0 5.0,-4.122912118,39.55383839,28,5,38,2
1,0,1,0.2767801 34.7016507 0.0 3991.0,0.2767801,34.7016507,0,3991,38,2
1,0,0,0.318980143187643 34.53971415044428 1362.0 15.0,0.318980143,34.53971415,1362,15,38,2
2,0,0, , , , , ,38,2
1,0,0, , , , , ,39,2
2,0,0,0.32705598706973116 34.445262448753745 1305.0 10.0,0.327055987,34.44526245,1305,10,39,2
2,1,1, , , , , ,39,2
1,0,0, , , , , ,39,2
2,1,1,0.2403466 34.4500606 0.0 3664.0,0.2403466,34.4500606,0,3664,39,2
1,0,0,-4.250680865154395 39.575798175723115 10.0 5.0,-4.250680865,39.57579818,10,5,39,2
2,1,1,-4.3408161016344815 39.25428540387303 179.0 5.0,-4.340816102,39.2542854,179,5,39,2
2,0,1,0.3128169462903207 34.56584907136243 1350.0 10.0,0.312816946,34.56584907,1350,10,39,2
2,0,0,0.33214746322546285 34.636220137133314 1438.0 15.0,0.332147463,34.63622014,1438,15,39,2
1,1,1, , , , , ,39,2
1,0,0,0.3297251 34.4971637 0.0 2253.0,0.3297251,34.4971637,0,2253,40,2
1,0,1,0.3455694065051511 34.54282609343642 1314.0 10.0,0.345569407,34.54282609,1314,10,40,2
1,0,1,0.2403745 34.4501441 0.0 4114.0,0.2403745,34.4501441,0,4114,40,2
2,1,1,-4.175333197319993 39.59315628257521 0.0 5.0,-4.175333197,39.59315628,0,5,40,2
2,1,0,-4.153036552250201 39.53967513857688 50.0 5.0,-4.153036552,39.53967514,50,5,40,2
1,0,0,-4.1861917298583355 39.55894981850909 90.0 5.0,-4.18619173,39.55894982,90,5,40,2
1,1,1,-4.099782814519279 39.52548684164286 37.0 15.0,-4.099782815,39.52548684,37,15,40,2
2,0,0,-4.141716777313597 39.55708144195435 33.0 10.0,-4.141716777,39.55708144,33,10,40,2
2,0,1,-4.1001215874732955 39.527366471895974 35.0 5.0,-4.100121587,39.52736647,35,5,40,2
2,0,0,-4.226370969421191 39.58383212113038 40.0 300.0,-4.226370969,39.58383212,40,300,40,2
2,1,1, , , , , ,40,2
1,0,1,0.28100427902317177 34.53909226696277 1308.0 5.0,0.281004279,34.53909227,1308,5,40,2
2,1,1,0.3819114 34.5888108 0.0 4517.0,0.3819114,34.5888108,0,4517,40,2
1,0,0, , , , , ,40,2
1,0,0,0.31028656565666957 34.50403212442759 1313.0 5.0,0.310286566,34.50403212,1313,5,41,2
2,0,0, , , , , ,41,2
2,1,1, , , , , ,41,2
2,0,1,0.2260612 34.4934949 0.0 4161.0,0.2260612,34.4934949,0,4161,41,2
2,1,1,0.2146598 34.4217313 0.0 3559.0,0.2146598,34.4217313,0,3559,41,2
1,0,0, , , , , ,41,2
2,0,1,-4.232390206379708 39.58674340484615 45.0 300.0,-4.232390206,39.5867434,45,300,41,2
1,0,1,0.3301307 34.6220084 0.0 3245.0,0.3301307,34.6220084,0,3245,41,2
1,0,1,0.3587296633667978 34.57714238037519 1327.0 10.0,0.358729663,34.57714238,1327,10,41,2
1,0,1, , , , , ,41,2
1,0,0,0.3203341625857148 34.485478380365315 1278.0 45.0,0.320334163,34.48547838,1278,45,42,2
1,0,0,0.32084516741041574 34.48587243386055 1292.0 5.0,0.320845167,34.48587243,1292,5,42,2
1,1,1,0.34660979878365433 34.48954748992733 1279.0 10.0,0.346609799,34.48954749,1279,10,42,2
2,0,1,0.3310477590970442 34.52066042184467 1347.0 10.0,0.331047759,34.52066042,1347,10,42,2
1,0,1,0.3312605581574689 34.51776388568976 1321.0 10.0,0.331260558,34.51776389,1321,10,42,2
2,0,0,0.3602058 34.4123986 0.0 3237.0,0.3602058,34.4123986,0,3237,42,2
2,1,1,0.3374508 34.5030773 0.0 2939.0,0.3374508,34.5030773,0,2939,42,2
2,0,0,0.3296488 34.4971843 0.0 2290.0,0.3296488,34.4971843,0,2290,42,2
1,1,1,0.2899728653698614 34.45258308100335 1327.0 10.0,0.289972865,34.45258308,1327,10,42,2
2,1,1,0.22159303655311116 34.477560986627985 1361.0 10.0,0.221593037,34.47756099,1361,10,42,2
2,1,1,-4.1848719 39.4725633 0.0 3152.0,-4.1848719,39.4725633,0,3152,42,2
2,0,1,0.35733331236270144 34.59832575927515 1350.0 5.0,0.357333312,34.59832576,1350,5,42,2
2,1,0,-4.313519156116563 39.44865737713051 121.0 5.0,-4.313519156,39.44865738,121,5,42,2
2,0,0,-4.1278266371419665 39.61743283185625 27.0 10.0,-4.127826637,39.61743283,27,10,42,2
2,0,1,-4.2219058913879195 39.56498835186177 63.0 40.0,-4.221905891,39.56498835,63,40,42,2
1,0,0,-4.232045042249974 39.585297794955984 6.0 5.0,-4.232045042,39.58529779,6,5,42,2
2,1,1,-4.368872864840573 39.19349806518605 93.0 5.0,-4.368872865,39.19349807,93,5,42,2
2,1,1,0.2760158975771532 34.52148172166004 1263.0 5.0,0.276015898,34.52148172,1263,5,42,2
2,0,0,0.3332367817624984 34.63584173880885 1415.0 5.0,0.333236782,34.63584174,1415,5,42,2
1,0,0,0.3222099524596839 34.61428441465684 1349.0 5.0,0.322209952,34.61428441,1349,5,42,2
2,0,1,0.3819114 34.5888108 0.0 4517.0,0.3819114,34.5888108,0,4517,42,2
2,0,0, , , , , ,42,2
1,0,0, , , , , ,42,2
2,1,1,0.393151503850441 34.574838366357746 1256.0 15.0,0.393151504,34.57483837,1256,15,42,2
2,1,1,0.34118108362426885 34.47598772859873 1289.0 5.0,0.341181084,34.47598773,1289,5,43,2
1,1,1,0.3051378282547623 34.45106738402384 1261.0 5.0,0.305137828,34.45106738,1261,5,43,2
2,1,88,-4.1588505 39.4515065 0.0 3589.0,-4.1588505,39.4515065,0,3589,43,2
1,0,0,-4.379806273963367 39.29147282610819 91.0 10.0,-4.379806274,39.29147283,91,10,43,2
1,1,0,-4.395020117385446 39.30086962072519 70.0 5.0,-4.395020117,39.30086962,70,5,43,2
2,1,0,-4.15797609110986 39.57634344039752 154.0 10.0,-4.157976091,39.57634344,154,10,43,2
2,1,1,-4.322073684999864 39.24913150313503 737.0 50.0,-4.322073685,39.2491315,737,50,43,2
1,0,0,0.319653 34.5643097 0.0 3895.0,0.319653,34.5643097,0,3895,43,2
1,1,1,0.29231447687387613 34.579653200903095 1361.0 10.0,0.292314477,34.5796532,1361,10,43,2
1,88,1, , , , , ,43,2
2,0,0, , , , , ,43,2
2,1,1, , , , , ,44,2
2,0,0,0.3337605 34.479278 0.0 2587.0,0.3337605,34.479278,0,2587,44,2
1,1,1,0.2862557 34.4473007 0.0 5000.0,0.2862557,34.4473007,0,5000,44,2
2,1,1,0.3064750998160935 34.44974895330836 1307.0 10.0,0.3064751,34.44974895,1307,10,44,2
2,0,0,0.2403745 34.4501441 0.0 4114.0,0.2403745,34.4501441,0,4114,44,2
1,0,1, , , , , ,44,2
1,1,0, , , , , ,44,2
1,1,1, , , , , ,44,2
2,1,0,-4.179089567024142 39.48897988507556 222.0 5.0,-4.179089567,39.48897989,222,5,44,2
1,1,0,-4.393187716593989 39.30003637650457 64.0 10.0,-4.393187717,39.30003638,64,10,44,2
2,0,0,-4.2375676883980535 39.576772201692336 1.0 5.0,-4.237567688,39.5767722,1,5,44,2
1,1,1,-4.30371961971431 39.45548912209371 106.0 5.0,-4.30371962,39.45548912,106,5,44,2
1,0,0, , , , , ,44,2
2,0,0,0.2817782830715056 34.53894214787474 1326.0 5.0,0.281778283,34.53894215,1326,5,44,2
1,0,0,0.3188591 34.5549624 0.0 4287.0,0.3188591,34.5549624,0,4287,44,2
1,0,0, , , , , ,44,2
2,0,0,0.33753002427442036 34.47061002096872 1310.0 5.0,0.337530024,34.47061002,1310,5,45,2
1,0,0,0.3357763 34.5085224 0.0 2939.0,0.3357763,34.5085224,0,2939,45,2
1,0,0,0.2862557 34.4473007 0.0 5000.0,0.2862557,34.4473007,0,5000,45,2
1,0,1,0.26845957994411085 34.45327109245236 1218.0 90.0,0.26845958,34.45327109,1218,90,45,2
1,0,0, , , , , ,45,2
1,1,1,0.347580777796417 34.602980226882345 1381.0 5.0,0.347580778,34.60298023,1381,5,45,2
1,0,1,0.3559298 34.6162408 0.0 3015.0,0.3559298,34.6162408,0,3015,45,2
2,1,1,-4.368682470753817 39.27865044312381 83.0 5.0,-4.368682471,39.27865044,83,5,45,2
1,1,1,-4.131434793654541 39.62785292108961 0.0 5.0,-4.131434794,39.62785292,0,5,45,2
1,1,1,0.2875088 34.5024799 0.0 3422.0,0.2875088,34.5024799,0,3422,45,2
2,0,1,0.346499 34.6465638 0.0 3817.0,0.346499,34.6465638,0,3817,45,2
1,1,0,0.29555081750835976 34.62295268249203 1380.0 10.0,0.295550818,34.62295268,1380,10,45,2
1,0,0, , , , , ,45,2
2,0,0,0.32635112097947977 34.44600642742676 1275.0 5.0,0.326351121,34.44600643,1275,5,46,2
1,0,0,0.3296488 34.4971843 0.0 2290.0,0.3296488,34.4971843,0,2290,46,2
2,0,1, , , , , ,46,2
1,0,0,0.21535351331783717 34.46380733143222 1321.0 5.0,0.215353513,34.46380733,1321,5,46,2
1,0,0,0.2126832622250996 34.449580696469326 1318.0 30.0,0.212683262,34.4495807,1318,30,46,2
2,1,1,0.35732122586906223 34.61606698008106 1392.0 5.0,0.357321226,34.61606698,1392,5,46,2
2,1,1,-4.10854172041338 39.55563048059354 114.0 25.0,-4.10854172,39.55563048,114,25,46,2
2,0,1,-4.098012287074809 39.53474307006908 35.0 5.0,-4.098012287,39.53474307,35,5,46,2
1,0,0,-4.120784051845031 39.54958549136866 27.0 5.0,-4.120784052,39.54958549,27,5,46,2
1,0,1,-4.09978898182603 39.525604430378735 30.0 5.0,-4.099788982,39.52560443,30,5,46,2
1,0,0,-4.2403525247460765 39.59287254517312 -5.0 10.0,-4.240352525,39.59287255,-5,10,46,2
1,0,0,-4.148704957551864 39.61813456608219 21.0 5.0,-4.148704958,39.61813457,21,5,46,2
1,1,1,-4.2120803985861075 39.55749711146001 88.0 5.0,-4.212080399,39.55749711,88,5,46,2
2,0,1,0.3600687 34.4073474 0.0 3237.0,0.3600687,34.4073474,0,3237,47,2
2,1,1, , , , , ,47,2
2,88,88,0.1787263 34.4546543 0.0 4374.0,0.1787263,34.4546543,0,4374,47,2
2,0,0, , , , , ,47,2
1,1,1, , , , , ,47,2
2,0,1,-4.123094662003665 39.55375129333676 29.0 5.0,-4.123094662,39.55375129,29,5,47,2
1,0,1,-4.315653618421802 39.24378544950381 150.0 5.0,-4.315653618,39.24378545,150,5,47,2
1,0,1, , , , , ,48,2
1,0,0,0.34621230669916186 34.48927966624686 1278.0 10.0,0.346212307,34.48927967,1278,10,48,2
2,0,0,0.3208366634799207 34.48566284769941 1282.0 5.0,0.320836663,34.48566285,1282,5,48,2
2,88,0,0.3327555958421399 34.4908971319009 1308.0 5.0,0.332755596,34.49089713,1308,5,48,2
1,0,0,0.3394853820130605 34.540983038713925 1330.0 20.0,0.339485382,34.54098304,1330,20,48,2
1,1,1,0.33962949029356093 34.494718489646054 1303.0 5.0,0.33962949,34.49471849,1303,5,48,2
2,0,0, , , , , ,48,2
1,0,0,0.2647622 34.4498463 0.0 3118.0,0.2647622,34.4498463,0,3118,48,2
1,0,1, , , , , ,48,2
1,0,0, , , , , ,48,2
1,0,0,0.2862557 34.4473007 0.0 5000.0,0.2862557,34.4473007,0,5000,48,2
2,0,0,0.2430557109740083 34.43198073725018 1296.0 10.0,0.243055711,34.43198074,1296,10,48,2
1,1,1, , , , , ,48,2
2,0,0, , , , , ,48,2
2,1,1,-4.146297900753497 39.45725126680154 341.0 10.0,-4.146297901,39.45725127,341,10,48,2
1,0,0,-4.1799649893753985 39.59582885772203 14.0 35.0,-4.179964989,39.59582886,14,35,48,2
1,1,1,-4.1831084 39.5953873 0.0 3315.0,-4.1831084,39.5953873,0,3315,48,2
2,1,1,-4.170917261264674 39.60358470026973 -14.0 35.0,-4.170917261,39.6035847,-14,35,48,2
1,0,0,-4.195552818640472 39.47928190751182 237.0 10.0,-4.195552819,39.47928191,237,10,48,2
2,1,1,-4.184960457266591 39.572505086536715 36.0 5.0,-4.184960457,39.57250509,36,5,48,2
1,0,0,-4.155269164782312 39.53895128420293 39.0 5.0,-4.155269165,39.53895128,39,5,48,2
1,1,1,-4.10873936481234 39.55540258353183 36.0 35.0,-4.108739365,39.55540258,36,35,48,2
2,0,0,-4.100345496806189 39.52770619303858 -4.0 5.0,-4.100345497,39.52770619,-4,5,48,2
1,1,1,-4.302969208728362 39.460010384287834 95.0 5.0,-4.302969209,39.46001038,95,5,48,2
1,1,1,-4.149821442849686 39.61918620831566 -1.0 10.0,-4.149821443,39.61918621,-1,10,48,2
1,0,1,-4.129213106528327 39.619112292876025 13.0 5.0,-4.129213107,39.61911229,13,5,48,2
1,1,1,-4.366694433843645 39.191225285767295 72.0 10.0,-4.366694434,39.19122529,72,10,48,2
2,1,1,-4.367812115550285 39.19230211695576 74.0 5.0,-4.367812116,39.19230212,74,5,48,2
1,0,0,-4.331582476047316 39.25204523227367 184.0 5.0,-4.331582476,39.25204523,184,5,48,2
2,0,0,0.3136733280916176 34.56664833867699 1377.0 35.0,0.313673328,34.56664834,1377,35,48,2
2,0,0,0.2797050180154229 34.53678080813031 1313.0 10.0,0.279705018,34.53678081,1313,10,48,2
2,0,0,0.29333610316695835 34.532994775075124 1306.0 15.0,0.293336103,34.53299478,1306,15,48,2
2,0,0, , , , , ,48,2
1,0,0, , , , , ,48,2
1,1,1, , , , , ,48,2
1,0,0,0.29648943366615893 34.62332256720433 1390.0 5.0,0.296489434,34.62332257,1390,5,48,2
1,0,0, , , , , ,48,2
2,0,0, , , , , ,48,2
1,0,1,0.3840596 34.4957699 0.0 4518.0,0.3840596,34.4957699,0,4518,48,2
2,0,1,0.4256711 34.5300632 0.0 4027.0,0.4256711,34.5300632,0,4027,48,2
2,0,1, , , , , ,48,2
1,1,1,0.2875088 34.5024799 0.0 3422.0,0.2875088,34.5024799,0,3422,49,2
2,1,1,0.3453312857340399 34.542918668857034 1307.0 35.0,0.345331286,34.54291867,1307,35,49,2
1,0,0, , , , , ,49,2
1,0,0,0.3063481949770915 34.44791973017042 1255.0 10.0,0.306348195,34.44791973,1255,10,49,2
1,0,1, , , , , ,49,2
2,0,1, , , , , ,49,2
1,0,0,0.2414962338966027 34.446244817542265 1283.0 5.0,0.241496234,34.44624482,1283,5,49,2
1,1,0,0.34734440153316287 34.6034166213719 1241.0 20.0,0.347344402,34.60341662,1241,20,49,2
1,0,0,-4.163166045130471 39.57954626188386 52.0 5.0,-4.163166045,39.57954626,52,5,49,2
2,1,1,-4.108371493368222 39.555928446536456 63.0 10.0,-4.108371493,39.55592845,63,10,49,2
1,1,1,-4.1189178327587666 39.55015429271569 39.0 5.0,-4.118917833,39.55015429,39,5,49,2
1,0,1,-4.244633556764453 39.5911206697063 -14.0 5.0,-4.244633557,39.59112067,-14,5,49,2
1,0,1,-4.281470700901516 39.46264685429118 101.0 5.0,-4.281470701,39.46264685,101,5,49,2
1,1,1,-4.128027986389947 39.6175064069017 49.0 35.0,-4.128027986,39.61750641,49,35,49,2
2,0,1,-4.2315244370076455 39.58593800142231 -15.0 10.0,-4.231524437,39.585938,-15,10,49,2
1,0,0,0.33063299943476815 34.63566717691169 1427.0 10.0,0.330632999,34.63566718,1427,10,49,2
2,1,1,0.3504520929558264 34.56847955540925 1293.0 10.0,0.350452093,34.56847956,1293,10,49,2
1,0,0, , , , , ,49,2
2,1,0,0.334258214098756 34.54294687379668 1337.0 10.0,0.334258214,34.54294687,1337,10,50,2
2,0,0,0.22909432322325987 34.41881339655302 1249.0 10.0,0.229094323,34.4188134,1249,10,50,2
1,1,1,0.24033063036356794 34.44408147677441 1284.0 10.0,0.24033063,34.44408148,1284,10,50,2
1,1,1,-4.1831084 39.5953873 0.0 3315.0,-4.1831084,39.5953873,0,3315,50,2
2,0,1, , , , , ,50,2
2,1,1,-4.150503030659138 39.53710185041865 48.0 5.0,-4.150503031,39.53710185,48,5,50,2
2,1,1,-4.280555325128807 39.465446739217995 126.0 10.0,-4.280555325,39.46544674,126,10,50,2
1,1,1,-4.2262047003521275 39.58352513106764 -1.0 10.0,-4.2262047,39.58352513,-1,10,50,2
1,1,0,-4.225764136494439 39.58261351964348 6.0 10.0,-4.225764136,39.58261352,6,10,50,2
2,88,88,0.319653 34.5643097 0.0 3895.0,0.319653,34.5643097,0,3895,50,2
2,0,0, , , , , ,50,2
2,1,1,0.3503107330155651 34.567901814276716 1373.0 10.0,0.350310733,34.56790181,1373,10,50,2
2,0,1, , , , , ,51,2
1,0,0,-4.1872763826642885 39.49470302802763 279.0 10.0,-4.187276383,39.49470303,279,10,51,2
2,1,88,-4.1876637062818265 39.494758599375814 214.0 35.0,-4.187663706,39.4947586,214,35,51,2
2,1,1,-4.39294384821696 39.29933150721992 58.0 10.0,-4.392943848,39.29933151,58,10,51,2
2,1,1,-4.382818522711479 39.285151828737305 69.0 5.0,-4.382818523,39.28515183,69,5,51,2
1,1,1,-4.16034714911507 39.57734985260836 116.0 5.0,-4.160347149,39.57734985,116,5,51,2
1,0,1,-4.270210068256868 39.45899862521311 146.0 50.0,-4.270210068,39.45899863,146,50,51,2
1,0,0,-4.145903427333884 39.61476829258878 -11.0 5.0,-4.145903427,39.61476829,-11,5,51,2
2,1,1,-4.145917198038896 39.614695745689154 6.0 5.0,-4.145917198,39.61469575,6,5,51,2
2,1,1,-4.2245171925539635 39.58346248032362 -4.0 5.0,-4.224517193,39.58346248,-4,5,51,2
1,0,1,0.3172983 34.5132247 0.0 4133.0,0.3172983,34.5132247,0,4133,51,2
1,0,1,0.3267462 34.5673249 0.0 4044.0,0.3267462,34.5673249,0,4044,51,2
1,0,1,0.2875088 34.5024799 0.0 3422.0,0.2875088,34.5024799,0,3422,52,2
1,0,1, , , , , ,52,2
1,0,1, , , , , ,52,2
1,0,1,0.21447036629732674 34.46243536701341 1272.0 20.0,0.214470366,34.46243537,1272,20,52,2
1,0,1, , , , , ,52,2
1,0,0,-4.181737715163341 39.60638421365921 23.0 10.0,-4.181737715,39.60638421,23,10,52,2
1,0,0,-4.392917385926626 39.29923196975223 83.0 20.0,-4.392917386,39.29923197,83,20,52,2
2,1,1,-4.277007368495497 39.47002565668594 95.0 50.0,-4.277007368,39.47002566,95,50,52,2
1,1,0,-4.219049644983492 39.56434508256497 34.0 10.0,-4.219049645,39.56434508,34,10,52,2
2,0,1,0.28976903436952567 34.55504764657154 1326.0 5.0,0.289769034,34.55504765,1326,5,52,2
2,1,1,0.3299246 34.5015376 0.0 3092.0,0.3299246,34.5015376,0,3092,52,2
2,1,0, , , , , ,53,2
2,1,0, , , , , ,53,2
1,0,0, , , , , ,53,2
2,0,0, , , , , ,53,2
1,0,0,-4.379641829124623 39.29212463124931 98.0 10.0,-4.379641829,39.29212463,98,10,53,2
1,0,0,-4.237476860701209 39.57705890459148 9.0 10.0,-4.237476861,39.5770589,9,10,53,2
2,0,1,-4.331923682963171 39.25255571834834 97.0 10.0,-4.331923683,39.25255572,97,10,53,2
1,0,0, , , , , ,53,2
1,0,0,0.302223700781882 34.54465252894234 1342.0 25.0,0.302223701,34.54465253,1342,25,53,2
1,1,0,0.3312676571070067 34.51776034191661 1327.0 5.0,0.331267657,34.51776034,1327,5,54,2
1,0,0,0.3214046391227319 34.42573802788329 1266.0 20.0,0.321404639,34.42573803,1266,20,54,2
2,1,1,0.3227260282410674 34.42888391606251 1279.0 15.0,0.322726028,34.42888392,1279,15,54,2
2,0,0,0.3600687 34.4073474 0.0 3237.0,0.3600687,34.4073474,0,3237,54,2
1,0,0,0.3432123559059901 34.53870909657096 1310.0 15.0,0.343212356,34.5387091,1310,15,54,2
1,1,0, , , , , ,54,2
1,1,1,0.2751575440472964 34.4424351013301 1283.0 35.0,0.275157544,34.4424351,1283,35,54,2
2,1,1,0.2146598 34.4217313 0.0 3559.0,0.2146598,34.4217313,0,3559,54,2
1,1,1,-4.175432097337904 39.45242565659452 380.0 5.0,-4.175432097,39.45242566,380,5,54,2
2,1,1,0.3232395 34.5677544 0.0 4076.0,0.3232395,34.5677544,0,4076,54,2
1,0,1,-4.244298569679221 39.590865221174475 -7.0 5.0,-4.24429857,39.59086522,-7,5,54,2
2,0,0,-4.250032192730817 39.575650556042156 12.0 10.0,-4.250032193,39.57565056,12,10,54,2
1,0,0,-4.237799656046953 39.57836252411123 2.0 5.0,-4.237799656,39.57836252,2,5,54,2
2,1,1,-4.266150827530068 39.46024230750552 109.0 5.0,-4.266150828,39.46024231,109,5,54,2
2,0,1,-4.1332368200322245 39.62712603176248 41.0 5.0,-4.13323682,39.62712603,41,5,54,2
2,0,0, , , , , ,54,2
1,0,0,0.34645721066016816 34.570288259828786 1364.0 10.0,0.346457211,34.57028826,1364,10,54,2
1,0,0, , , , , ,54,2
1,1,0, , , , , ,54,2
2,0,0, , , , , ,54,2
2,1,1,0.3573409 34.503143 0.0 2182.0,0.3573409,34.503143,0,2182,54,2
2,0,0, , , , , ,54,2
1,0,0,0.31988430254090516 34.484572554390276 1270.0 5.0,0.319884303,34.48457255,1270,5,55,2
1,1,1, , , , , ,55,2
1,0,0,0.24398666319362886 34.43227175119615 1278.0 15.0,0.243986663,34.43227175,1278,15,55,2
2,0,1,0.21431504686687886 34.4651086501757 1326.0 35.0,0.214315047,34.46510865,1326,35,55,2
2,0,0,0.2403466 34.4500606 0.0 3664.0,0.2403466,34.4500606,0,3664,55,2
1,1,1,-4.148113964125545 39.45906925296684 302.0 10.0,-4.148113964,39.45906925,302,10,55,2
2,0,0,-4.181720437490106 39.60572926445695 11.0 15.0,-4.181720437,39.60572926,11,15,55,2
2,88,88, , , , , ,55,2
2,0,1,0.3229794 34.5676914 0.0 4044.0,0.3229794,34.5676914,0,4044,55,2
1,1,1,0.3739720337554898 34.573634680232544 1319.0 25.0,0.373972034,34.57363468,1319,25,55,2
1,0,0, , , , , ,55,2
1,0,0, , , , , ,55,2
2,0,1, , , , , ,55,2
2,1,0,0.2220718 34.4022103 0.0 4780.0,0.2220718,34.4022103,0,4780,56,2
2,0,0, , , , , ,56,2
2,1,0,0.2223383741901945 34.476883827887534 1340.0 10.0,0.222338374,34.47688383,1340,10,56,2
1,0,1,0.36329034200396426 34.579791982594074 1336.0 10.0,0.363290342,34.57979198,1336,10,56,2
1,1,1,-4.300561531378347 39.459869720750376 82.0 90.0,-4.300561531,39.45986972,82,90,56,2
2,0,0,-4.316026304067838 39.2435600859882 203.0 5.0,-4.316026304,39.24356009,203,5,56,2
1,0,0,0.28958507780054055 34.55585503491394 1323.0 10.0,0.289585078,34.55585503,1323,10,56,2
2,0,1, , , , , ,56,2
1,0,0, , , , , ,56,2
1,0,1, , , , , ,56,2
2,0,0, , , , , ,57,2
2,0,0,0.3317437582050956 34.51835636001643 1350.0 20.0,0.331743758,34.51835636,1350,20,57,2
2,0,0,0.31970296510782675 34.42357379252184 1260.0 35.0,0.319702965,34.42357379,1260,35,57,2
2,0,1, , , , , ,57,2
2,0,1, , , , , ,57,2
2,0,0,0.2653469 34.4512881 0.0 4824.0,0.2653469,34.4512881,0,4824,57,2
2,0,1, , , , , ,57,2
1,88,0, , , , , ,57,2
1,0,0,-4.170858788454661 39.6037159817515 -1.0 5.0,-4.170858788,39.60371598,-1,5,57,2
1,1,1, , , , , ,57,2
2,1,1,-4.108939716046507 39.55567862772982 86.0 10.0,-4.108939716,39.55567863,86,10,57,2
1,0,0,-4.2767099305878915 39.46585792137006 96.0 15.0,-4.276709931,39.46585792,96,15,57,2
2,1,1,-4.224077723707141 39.561425841784754 61.0 10.0,-4.224077724,39.56142584,61,10,57,2
2,0,1,0.2592302 34.6163331 0.0 4505.0,0.2592302,34.6163331,0,4505,57,2
1,1,1,0.2208335 34.6078588 0.0 2602.0,0.2208335,34.6078588,0,2602,57,2
2,0,0, , , , , ,58,2
1,1,1,0.3600687 34.4073474 0.0 3237.0,0.3600687,34.4073474,0,3237,58,2
2,1,1, , , , , ,58,2
1,1,1,-4.25071094497445 39.57556474104492 63.0 20.0,-4.250710945,39.57556474,63,20,58,2
1,0,1,-4.251923023053689 39.576864747382004 15.0 5.0,-4.251923023,39.57686475,15,5,58,2
1,0,0,-4.300460326843554 39.45689316821083 155.0 25.0,-4.300460327,39.45689317,155,25,58,2
1,1,1,-4.132188148677372 39.62766427919919 -34.0 10.0,-4.132188149,39.62766428,-34,10,58,2
1,0,1,-4.222886627159444 39.571845234386025 10.0 5.0,-4.222886627,39.57184523,10,5,58,2
1,1,88, , , , , ,58,2
1,1,1, , , , , ,59,2
1,1,1,0.2461834011515453 34.407396501479404 1246.0 15.0,0.246183401,34.4073965,1246,15,59,2
1,0,1,0.2223316314701103 34.47710119823078 1341.0 5.0,0.222331631,34.4771012,1341,5,59,2
1,0,0, , , , , ,59,2
2,0,1,0.3500939886163265 34.60249739827213 1375.0 10.0,0.350093989,34.6024974,1375,10,59,2
1,0,0, , , , , ,59,2
2,0,0,0.3138180173745689 34.56673194199757 1316.0 35.0,0.313818017,34.56673194,1316,35,59,2
1,0,0, , , , , ,59,2
2,0,0,0.3129537513986993 34.56622840103648 1371.0 5.0,0.312953751,34.5662284,1371,5,59,2
2,0,1,0.3188591 34.5549624 0.0 4287.0,0.3188591,34.5549624,0,4287,59,2
1,0,0,0.38062821977235484 34.59375551868871 1332.0 350.0,0.38062822,34.59375552,1332,350,60,2
